sec,mem_mb,commit_mb,loaded,holders,entities,players,tps
0,56.10504201680672,50.173669467787114,,,,,
1,97.6171052631579,85.37236842105263,,,,,
2,116.66435506241332,102.47156726768377,0.8666666666666667,359.8666666666667,0.0,0.0,19.0
3,109.0,97.0,0.0,0.0,0.0,0.0,19.0
4,109.74685314685314,97.0,0.0,0.0,0.0,0.0,19.0
5,110.0,97.0,0.0,0.0,0.0,0.0,19.0
6,110.0,97.0,0.0,0.0,0.0,0.0,19.0
7,110.0,97.0,0.0,0.0,0.0,0.0,19.0
8,153.4512578616352,138.03930817610063,1.3076923076923077,2179.3076923076924,1.3076923076923077,0.6923076923076923,17.692307692307693
9,271.6317991631799,255.3765690376569,22.157894736842106,3249.0,33.421052631578945,1.0,18.263157894736842
10,384.087890625,368.279296875,23.45,3249.0,35.0,1.0,18.85
11,350.6862745098039,337.9532428355958,31.42105263157895,3249.0,47.0,1.0,19.0
12,353.78592814371257,339.9685628742515,83.42857142857143,3249.0,69.71428571428571,1.0,19.0
13,382.9375,368.5970394736842,757.0,3249.0,290.0,1.0,7.333333333333333
14,395.3438661710037,380.6635687732342,865.3,3249.0,338.8,1.0,15.8
15,407.8840579710145,392.5778985507246,1015.2352941176471,3249.0,371.0,1.0,16.705882352941178
16,414.2403100775194,399.26201550387594,1089.0,3249.0,385.0,1.0,18.95
17,417.2481962481962,402.15295815295815,1089.0,3249.0,385.0,1.0,19.0
18,419.7766272189349,404.0,1089.0,3249.0,385.0,1.0,19.0
19,421.93533834586464,407.1639097744361,1089.0,3249.0,385.0,1.0,19.0
20,424.0990712074303,408.0,1089.0,3249.0,385.05,1.0,19.0
21,426.19718309859155,411.8810641627543,1089.0,3249.0,390.63157894736844,1.0,19.0
22,428.1900452488688,412.0,1089.0,3249.0,392.0,1.0,18.95
23,430.2314960629921,415.9496062992126,1089.0,3249.0,392.0,1.0,19.0
24,432.2808219178082,416.1917808219178,1089.0,3249.0,392.0,1.0,19.0
25,434.3547925608012,420.0,1089.0,3249.0,392.0,1.0,19.0
26,436.3625,420.2625,1089.0,3249.0,390.1,1.0,19.0
27,438.3370607028754,424.0,1089.0,3249.0,388.0,1.0,19.0
28,440.40965732087227,424.38006230529595,1089.0,3249.0,388.0,1.0,19.0
29,442.52,428.0,1089.0,3249.0,388.0,1.0,19.0
30,444.44444444444446,428.46948356807513,1089.0,3249.0,385.7,1.0,19.0
31,446.41089837997055,432.0,1089.0,3249.0,384.0,1.0,19.0
32,448.28528072837634,432.0,1089.0,3249.0,377.94736842105266,1.0,19.0
33,450.1554252199413,435.9589442815249,1089.0,3249.0,374.1,1.0,19.0
34,451.9985315712188,436.0,1089.0,3249.0,374.0,1.0,19.0
35,453.86657101865137,439.58680057388807,1089.0,3249.0,374.10526315789474,1.0,19.0
36,455.85343511450384,440.0,1089.0,3249.0,374.95,1.0,19.0
37,457.69821673525377,443.1604938271605,1089.0,3249.0,376.0,1.0,19.0
38,459.49923195084483,444.0,1089.0,3249.0,376.0,1.0,19.0
39,461.3570469798658,446.5020134228188,1089.0,3249.0,376.0,1.0,19.0
40,463.2261904761905,448.0,1089.0,3249.0,376.0,1.0,19.0
41,464.9881305637982,449.68545994065283,1089.0,3249.0,376.0,1.0,19.0
42,466.7046153846154,452.0,1089.0,3249.0,376.0,1.0,19.0
43,468.50847457627117,452.4499229583975,1089.0,3249.0,376.0,1.0,19.0
44,470.3858784893268,456.0,1089.0,3249.0,376.0,1.0,19.0
45,472.20088626292466,456.0,1089.0,3249.0,376.0,1.0,19.0
46,473.8500772797527,459.548686244204,1089.0,3249.0,376.0,1.0,19.0
47,475.544901065449,460.0,1089.0,3249.0,376.0,1.0,19.0
48,477.4472361809045,462.3852596314908,1089.0,3249.0,376.0,1.0,19.0
49,479.22566371681415,464.0,1089.0,3249.0,376.0,1.0,19.0
50,480.9771341463415,465.4634146341463,1089.0,3249.0,376.0,1.0,19.0
51,482.6372093023256,468.0,1089.0,3249.0,376.0,1.0,19.0
52,484.4519083969466,468.34809160305343,1089.0,3249.0,376.0,1.0,19.0
53,486.23903818953323,472.0,1089.0,3249.0,376.0,1.0,19.0
54,487.8782489740082,472.0,1089.0,3249.0,376.0,1.0,19.0
55,489.585326953748,475.0047846889952,1089.0,3249.0,376.0,1.0,19.0
56,491.4021909233177,476.0,1089.0,3249.0,376.0,1.0,19.0
57,493.12798874824193,477.74964838255977,1089.0,3249.0,376.0,1.0,19.0
58,494.72360248447205,480.0,1089.0,3249.0,376.0,1.0,19.0
59,496.4960505529226,480.30331753554503,1089.0,3249.0,376.0,1.0,19.0
60,498.25,484.0,1089.0,3249.0,377.5,1.0,19.0
61,499.906528189911,484.0,1089.0,3249.0,377.0,1.0,19.0
62,501.5975274725275,487.0164835164835,1089.0,3249.0,377.0,1.0,19.0
63,503.37068965517244,488.0,1089.0,3249.0,377.0,1.0,19.0
64,505.0075642965204,489.3797276853253,1089.0,3249.0,377.0,1.0,19.0
65,509.57975034674064,495.2191400832178,1089.0,3249.0,376.5263157894737,0.5263157894736842,18.94736842105263
66,504.3855755894591,489.0735090152566,940.0526315789474,2609.4210526315787,276.94736842105266,0.0,18.105263157894736
67,331.22033898305085,315.9830508474576,,,,,
