sec,avg_mb,min_mb,max_mb,samples
0,58.8,18.0,80.0,586
1,80.4,80.0,81.0,584
2,81.0,81.0,81.0,583
3,81.0,81.0,81.0,603
4,103.9,81.0,205.0,597
5,258.5,177.0,322.0,554
6,339.3,321.0,353.0,569
7,377.4,352.0,389.0,531
8,390.3,389.0,391.0,609
9,392.0,391.0,393.0,608
10,393.7,393.0,395.0,602
11,395.5,395.0,396.0,572
12,397.3,396.0,398.0,564
13,398.9,398.0,400.0,588
14,400.5,400.0,402.0,696
15,402.4,402.0,403.0,581
16,404.1,403.0,405.0,588
17,405.8,405.0,407.0,623
18,407.5,407.0,408.0,562
19,409.3,408.0,410.0,602
20,410.9,410.0,412.0,555
21,412.6,412.0,414.0,574
22,414.4,414.0,415.0,594
23,416.1,415.0,417.0,593
24,417.9,417.0,419.0,563
25,419.6,419.0,420.0,588
26,421.4,420.0,422.0,576
27,423.1,422.0,424.0,585
28,424.7,424.0,426.0,575
29,426.4,426.0,427.0,672
30,428.1,427.0,429.0,587
31,429.7,429.0,431.0,589
32,431.5,431.0,432.0,606
33,433.2,432.0,434.0,585
34,434.9,434.0,436.0,589
35,436.5,436.0,437.0,588
36,438.3,437.0,439.0,567
37,440.0,439.0,441.0,594
38,442.0,441.0,443.0,600
39,444.4,443.0,446.0,609
40,446.9,446.0,448.0,572
41,449.1,448.0,450.0,596
42,451.7,450.0,453.0,568
43,454.6,453.0,456.0,629
44,457.4,456.0,459.0,728
45,459.6,459.0,460.0,591
46,451.9,444.0,461.0,567
47,445.0,442.0,451.0,596
48,435.1,426.0,444.0,591
49,420.5,413.0,428.0,604
50,407.0,400.0,415.0,647
51,394.1,387.0,402.0,576
52,388.2,387.0,389.0,589
53,389.8,389.0,391.0,591
54,391.5,391.0,392.0,541
55,393.1,392.0,394.0,572
56,394.8,394.0,396.0,572
57,396.5,396.0,397.0,560
58,398.2,397.0,399.0,575
59,399.7,399.0,401.0,719
60,401.5,401.0,403.0,591
61,403.4,352.0,460.0,585
62,289.4,238.0,343.0,37
