sec,mem_mb,commit_mb,loaded_chunks,chunk_holders,stopcore_started
0,58.8,52.3,0.0,0.0,0
1,80.4,68.0,0.0,0.0,0
2,81.0,68.0,0.0,0.0,0
3,81.0,68.0,0.0,0.0,0
4,103.9,91.2,76.0,76.0,0
5,258.5,240.4,1434.0,3621.0,0
6,339.3,324.3,1618.0,3865.0,0
7,377.4,358.4,1699.0,4029.0,0
8,390.3,370.0,1701.0,4033.0,0
9,392.0,372.0,1701.0,4033.0,0
10,393.7,374.0,1701.0,4033.0,0
11,395.5,374.8,1701.0,4033.0,0
12,397.3,378.0,1701.0,4033.0,0
13,398.9,378.0,1701.0,4033.0,0
14,400.5,381.1,1701.0,4033.0,0
15,402.4,382.0,1701.0,4033.0,0
16,404.1,384.1,1701.0,4033.0,0
17,405.8,386.0,1701.0,4033.0,0
18,407.5,386.7,1701.0,4033.0,0
19,409.3,390.0,1701.0,4033.0,0
20,410.9,390.0,1701.0,4033.0,0
21,412.6,393.4,1701.0,4033.0,0
22,414.4,394.0,1701.0,4033.0,0
23,416.1,396.0,1701.0,4033.0,0
24,417.9,398.0,1701.0,4033.0,0
25,419.6,398.8,1701.0,4033.0,0
26,421.4,402.0,1701.0,4033.0,0
27,423.1,402.0,1701.0,4033.0,0
28,424.7,405.5,1701.0,4033.0,0
29,426.4,406.0,1701.0,4033.0,0
30,428.1,408.1,1701.0,4033.0,0
31,429.7,410.0,1701.0,4033.0,0
32,431.5,410.7,1701.0,4033.0,0
33,433.2,414.0,1701.0,4033.0,0
34,434.9,414.0,1701.0,4033.0,0
35,436.5,417.1,1701.0,4033.0,0
36,438.3,418.0,1701.0,4033.0,0
37,440.0,419.8,1701.0,4033.0,0
38,442.0,423.5,1698.0,3883.0,0
39,444.4,425.0,1662.0,3685.0,0
40,446.9,428.7,1632.0,3487.0,0
41,449.1,429.1,1601.0,3295.0,0
42,451.7,433.7,1564.0,3095.0,0
43,454.6,434.7,1494.0,2901.0,0
44,457.4,438.7,1427.0,2706.0,0
45,459.6,440.0,1388.0,2504.0,0
46,451.9,433.3,1331.0,2311.0,0
47,445.0,427.1,1251.0,2117.0,0
48,435.1,420.1,1200.0,1919.0,0
49,420.5,408.3,1188.0,1723.0,0
50,407.0,396.7,1188.0,1523.0,0
51,394.1,388.4,1188.0,1328.0,0
52,388.2,382.5,1188.0,1229.0,0
53,389.8,386.7,1188.0,1225.0,0
54,391.5,387.0,1188.0,1225.0,0
55,393.1,389.0,1188.0,1225.0,0
56,394.8,391.0,1188.0,1225.0,0
57,396.5,391.5,1188.0,1225.0,0
58,398.2,395.0,1188.0,1225.0,0
59,399.7,395.0,1188.0,1225.0,0
60,401.5,398.0,1188.0,1225.0,0
61,403.4,387.9,1188.0,1225.0,1
62,289.4,271.2,,,1
